status_id,status_name,year,month,gini,hhi,n_munis,total_cases
0,total,2015,1,0.9509261392534376,0.012465793604491876,2478,1114
0,total,2015,2,0.9450003359916415,0.010662112112874282,2478,1117
0,total,2015,3,0.9529162471675141,0.013087351353904656,2478,1164
0,total,2015,4,0.9500644633816548,0.01450669658991949,2478,1078
0,total,2015,5,0.9522389314730912,0.015262177136546654,2478,1219
0,total,2015,6,0.954556101083248,0.015834645911418917,2478,1082
0,total,2015,7,0.9556482983528269,0.016491839454386238,2478,1109
0,total,2015,8,0.9583445430903059,0.017932564579030398,2478,1179
0,total,2015,9,0.9514841339203419,0.014330230534144964,2478,1183
0,total,2015,10,0.9511891624593587,0.017147388106499146,2478,1198
0,total,2015,11,0.9524978500984991,0.014757335487750628,2478,1191
0,total,2015,12,0.9546263060572906,0.018321407638173685,2478,883
0,total,2016,1,0.9515823492734379,0.013309732151665508,2478,1187
0,total,2016,2,0.9535353130213711,0.012521197407436404,2478,1147
0,total,2016,3,0.949820811735069,0.011888307421493957,2478,1122
0,total,2016,4,0.9523029070918423,0.01580979787191962,2478,1272
0,total,2016,5,0.9508425805154632,0.01416981952799127,2478,1357
0,total,2016,6,0.9488976381513059,0.01642421674552174,2478,1428
0,total,2016,7,0.9482206177121433,0.014682475268060853,2478,1332
0,total,2016,8,0.9463637149775166,0.013004142772811603,2478,1232
0,total,2016,9,0.9465941331754375,0.010859442039625484,2478,1145
0,total,2016,10,0.9435318913642736,0.009796329497852186,2478,1194
0,total,2016,11,0.9489597014614215,0.011116065957707548,2478,1084
0,total,2016,12,0.9487700746158028,0.011566513952519784,2478,1225
0,total,2017,1,0.9535302745900838,0.018692229023844827,2478,1566
0,total,2017,2,0.9529557585746165,0.01577493742595077,2478,1428
0,total,2017,3,0.9470251138781169,0.012732263072521077,2478,1516
0,total,2017,4,0.9512601712131108,0.013756026201855086,2478,1383
0,total,2017,5,0.9505091823884533,0.01500131297651033,2478,1642
0,total,2017,6,0.9501855514276267,0.015333540521466633,2478,1572
0,total,2017,7,0.9479237634645916,0.013064327832349416,2478,1514
0,total,2017,8,0.9424426570182463,0.011691431846163051,2478,1491
0,total,2017,9,0.9463953385734214,0.01438717792676593,2478,1527
0,total,2017,10,0.950697874630078,0.013971555555555557,2478,1500
0,total,2017,11,0.9488626063202334,0.01340473372781065,2478,1300
0,total,2017,12,0.9463270353407174,0.011957871647231496,2478,1245
0,total,2018,1,0.9421342478673533,0.012111230242641744,2478,1477
0,total,2018,2,0.9442633019174314,0.0123234375468467,2478,1506
0,total,2018,3,0.9424364910537972,0.01371200241858669,2478,1482
0,total,2018,4,0.9538639413340464,0.016172513079152396,2478,1304
0,total,2018,5,0.9553459769817814,0.019521029368928966,2478,1405
0,total,2018,6,0.9480350385068663,0.018768398232595813,2478,1369
0,total,2018,7,0.9548785284434962,0.019603483921913252,2478,1381
0,total,2018,8,0.953492754331366,0.016740687148330075,2478,1437
0,total,2018,9,0.9466616955855125,0.016081704002586173,2478,1445
0,total,2018,10,0.9492519517180358,0.015288613671658331,2478,1433
0,total,2018,11,0.9534453295611187,0.01693380998348697,2478,1407
0,total,2018,12,0.9486114037481335,0.014348770149022897,2478,1402
0,total,2019,1,0.9492527875881003,0.01394185475182676,2478,1884
0,total,2019,2,0.9505282550213181,0.014350688973908964,2478,1819
0,total,2019,3,0.9483511756246852,0.013552011131438581,2478,1970
0,total,2019,4,0.9508107228046752,0.013602025725397272,2478,1973
0,total,2019,5,0.9426371361197257,0.011598609389267923,2478,2094
0,total,2019,6,0.9459994379107577,0.011995376275510203,2478,2240
0,total,2019,7,0.9446303664977356,0.01188592068749081,2478,2117
0,total,2019,8,0.9430431799838581,0.0132065,2478,2000
0,total,2019,9,0.9465649913847891,0.012756296979681371,2478,1891
0,total,2019,10,0.9494495454388054,0.014094478754806173,2478,1818
0,total,2019,11,0.9380691897993296,0.009892575964993036,2478,2045
0,total,2019,12,0.9388332814330413,0.009740632814598962,2478,1905
0,total,2020,1,0.9326363629098988,0.008343858688299073,2478,2222
0,total,2020,2,0.9323441294731507,0.00917045881088641,2478,2205
0,total,2020,3,0.9284078841170724,0.009221683594952292,2478,2280
0,total,2020,4,0.9268068090101989,0.008292871900826445,2478,1760
0,total,2020,5,0.9220589902345269,0.008015106531875994,2478,1901
0,total,2020,6,0.9236424114142558,0.008046918779944918,2478,1971
0,total,2020,7,0.9194572795371247,0.007455799779360844,2478,2127
0,total,2020,8,0.9192055887534774,0.007274389108614823,2478,2105
0,total,2020,9,0.921293415884112,0.006530275256117091,2478,1833
0,total,2020,10,0.9169540325197116,0.006410306471511074,2478,2117
0,total,2020,11,0.9229046424243312,0.006604641351494703,2478,1986
0,total,2020,12,0.9218768611240546,0.007369575792888019,2478,1694
0,total,2021,1,0.9204564412641301,0.007827644441670221,2478,2148
0,total,2021,2,0.9252341103805539,0.007984147686490082,2478,1912
0,total,2021,3,0.924463371459552,0.008373416161856505,2478,2303
0,total,2021,4,0.9303031727747872,0.009005958873322163,2478,2163
0,total,2021,5,0.9304531035906678,0.008803020937958744,2478,2408
0,total,2021,6,0.9202669919768147,0.00915990626222448,2478,2092
0,total,2021,7,0.9200632831890223,0.008559720431002206,2478,2236
0,total,2021,8,0.9273844718253121,0.0099275343535902,2478,2299
0,total,2021,9,0.9246920118005462,0.00875837618116993,2478,2213
0,total,2021,10,0.9223301394538039,0.010581263266365746,2478,2127
0,total,2021,11,0.9187669020509948,0.00817208926795662,2478,1962
0,total,2021,12,0.9210122775963716,0.008532411850986767,2478,1859
0,total,2022,1,0.9208922936813166,0.007990672126177626,2478,2111
0,total,2022,2,0.9224752288221456,0.007833385278426105,2478,2021
0,total,2022,3,0.9242121881347063,0.0075696205503897815,2478,2184
0,total,2022,4,0.9176258073851011,0.006913440757566644,2478,2142
0,total,2022,5,0.9157001417808925,0.006826750891736388,2478,2363
0,total,2022,6,0.9230490218686345,0.007278576940035273,2478,2016
0,total,2022,7,0.9203712671509283,0.007461112001281847,2478,1975
0,total,2022,8,0.9276982139799939,0.008025478506657484,2478,2112
0,total,2022,9,0.9286226526768901,0.008869831111111112,2478,1875
0,total,2022,10,0.9286717623322887,0.008147289799200352,2478,2003
0,total,2022,11,0.9308309846278209,0.008220100824899951,2478,1951
0,total,2022,12,0.9311385700859727,0.007997780856874408,2478,2092
0,total,2023,1,0.9181299753023606,0.0068906575052184345,2478,2665
0,total,2023,2,0.9163047052386282,0.006855469205815771,2478,2484
0,total,2023,3,0.9208691951356816,0.007598627686368665,2478,2856
0,total,2023,4,0.9202771820592646,0.006980643990929705,2478,2625
0,total,2023,5,0.9233177864224427,0.007905650989463135,2478,2753
0,total,2023,6,0.916250582312875,0.007241448057391145,2478,2753
0,total,2023,7,0.9168171421142799,0.007301715003028685,2478,2651
0,total,2023,8,0.9208024442252316,0.007657405025910683,2478,2592
0,total,2023,9,0.9181003987506415,0.007489946241760064,2478,2690
0,total,2023,10,0.924407471983705,0.0076272150855970396,2478,2658
0,total,2023,11,0.9201452003121622,0.00759864100883891,2478,2479
0,total,2023,12,0.920556501031843,0.008079704046117115,2478,2302
0,total,2024,1,0.9145655683054357,0.0072999369880277255,2478,2760
0,total,2024,2,0.9157007486949711,0.007481188012143303,2478,2649
0,total,2024,3,0.925824246055859,0.008452860380544089,2478,2873
0,total,2024,4,0.9215619371134038,0.008500127604821186,2478,2874
0,total,2024,5,0.920608086245555,0.008144272676889884,2478,3118
0,total,2024,6,0.9204429083461343,0.00797644597641346,2478,2976
0,total,2024,7,0.9169917231896669,0.007180179242993815,2478,2969
0,total,2024,8,0.9196197067211915,0.007744522570575084,2478,2983
0,total,2024,9,0.9268453884215899,0.008632274014176053,2478,3161
0,total,2024,10,0.9223281423739882,0.008478705059906206,2478,3209
0,total,2024,11,0.92408810258781,0.007681768154354125,2478,2954
0,total,2024,12,0.9217585425698791,0.00802080948636534,2478,2745
0,total,2025,1,0.9206467588123437,0.008582723188026109,2478,3193
0,total,2025,2,0.9227930027698354,0.0076699399651840375,2478,2941
0,total,2025,3,0.9192604708405254,0.008172339257168038,2478,3239
0,total,2025,4,0.9250774467487808,0.008285035916824196,2478,2875
0,total,2025,5,0.9236724341544933,0.008498539881237697,2478,3221
0,total,2025,6,0.9177655416795141,0.008061560858245142,2478,3094
0,total,2025,7,0.9206412056347963,0.008584365510910246,2478,2975
0,total,2025,8,0.9190427556676137,0.007696665962267748,2478,2954
0,total,2025,9,0.9264685525850165,0.007930973793303986,2478,2892
0,total,2025,10,0.9248506107112797,0.007769567626255922,2478,2893
0,total,2025,11,0.9287633967760918,0.008362089490643007,2478,2510
0,total,2025,12,0.9363228410008073,0.010044734693877552,2478,1750
2,located_alive,2015,1,0.967703640134449,0.018964909469636276,2478,790
2,located_alive,2015,2,0.9642626179562541,0.015507297970808118,2478,795
2,located_alive,2015,3,0.970787317420734,0.020830094340209326,2478,802
2,located_alive,2015,4,0.9657261896971341,0.020232587800155365,2478,777
2,located_alive,2015,5,0.9692260869397717,0.023490410740426407,2478,838
2,located_alive,2015,6,0.9713209577616357,0.025045333333333336,2478,750
2,located_alive,2015,7,0.97390614430487,0.02580288910552257,2478,766
2,located_alive,2015,8,0.9746698333873116,0.02870542415513814,2478,785
2,located_alive,2015,9,0.9692718604128705,0.023398474864491443,2478,776
2,located_alive,2015,10,0.9711858406017566,0.028377778699084373,2478,807
2,located_alive,2015,11,0.970932516180508,0.024720320196845502,2478,787
2,located_alive,2015,12,0.9750152746034262,0.03584243165341951,2478,535
2,located_alive,2016,1,0.9708197825887013,0.021107906898965675,2478,781
2,located_alive,2016,2,0.9674711229309729,0.018293320194690793,2478,732
2,located_alive,2016,3,0.968153268314238,0.017871633219936955,2478,716
2,located_alive,2016,4,0.9696659498392781,0.026881158012131187,2478,751
2,located_alive,2016,5,0.9669141521383349,0.022316770972628235,2478,829
2,located_alive,2016,6,0.9670367307949557,0.022780224226399123,2478,899
2,located_alive,2016,7,0.9675992959146014,0.022789828539683338,2478,796
2,located_alive,2016,8,0.9669182080774466,0.0211255812028052,2478,729
2,located_alive,2016,9,0.9650308254811013,0.016289555813615908,2478,664
2,located_alive,2016,10,0.9652219658187671,0.01668050381929903,2478,639
2,located_alive,2016,11,0.9653946519188235,0.016708863489906467,2478,609
2,located_alive,2016,12,0.9677365193262757,0.01753742873887794,2478,685
2,located_alive,2017,1,0.9725939771659122,0.026531766231420156,2478,899
2,located_alive,2017,2,0.9677358871274766,0.021660288358846567,2478,848
2,located_alive,2017,3,0.9649658412796915,0.02030696081562976,2478,874
2,located_alive,2017,4,0.9719797374792916,0.02622229916897507,2478,760
2,located_alive,2017,5,0.9709906190873128,0.026514975066439725,2478,915
2,located_alive,2017,6,0.9687579053883129,0.025633995526210686,2478,871
2,located_alive,2017,7,0.9685755533213161,0.021817215920410023,2478,814
2,located_alive,2017,8,0.9654822561238285,0.018995069441830707,2478,815
2,located_alive,2017,9,0.9626984285800047,0.02373959624147453,2478,847
2,located_alive,2017,10,0.9678737218735061,0.02449267718771552,2478,785
2,located_alive,2017,11,0.9662897859023769,0.02072050123998176,2478,693
2,located_alive,2017,12,0.9687354639833652,0.02026377849593851,2478,642
2,located_alive,2018,1,0.9631682665322863,0.021409338040145328,2478,788
2,located_alive,2018,2,0.966980349057522,0.021846654259510757,2478,846
2,located_alive,2018,3,0.96759132331141,0.024614978101235793,2478,839
2,located_alive,2018,4,0.9732113866392067,0.030184799841458585,2478,696
2,located_alive,2018,5,0.9765902356847642,0.03712445385343002,2478,745
2,located_alive,2018,6,0.9724771358117179,0.0374988553462959,2478,724
2,located_alive,2018,7,0.9784059013757977,0.041852535766952824,2478,737
2,located_alive,2018,8,0.9729049449044118,0.0325524031681522,2478,763
2,located_alive,2018,9,0.974408996056489,0.0350277859808317,2478,772
2,located_alive,2018,10,0.9696038708473766,0.027713946617509658,2478,796
2,located_alive,2018,11,0.9728758806137225,0.031227115476881895,2478,796
2,located_alive,2018,12,0.968143483999143,0.022757359505938712,2478,806
2,located_alive,2019,1,0.9705364731763413,0.02121857623932963,2478,1130
2,located_alive,2019,2,0.970007029602437,0.019046839069385025,2478,1116
2,located_alive,2019,3,0.9688161637314181,0.01918849830397742,2478,1221
2,located_alive,2019,4,0.9681397762536152,0.01906938346704185,2478,1231
2,located_alive,2019,5,0.9654448241094844,0.017142448151706603,2478,1284
2,located_alive,2019,6,0.9664702321606611,0.017574610726643597,2478,1360
2,located_alive,2019,7,0.9647827480088393,0.016529733898382158,2478,1267
2,located_alive,2019,8,0.9662150600193364,0.019545443194446177,2478,1132
2,located_alive,2019,9,0.9676917896094843,0.019044722914774076,2478,1021
2,located_alive,2019,10,0.9675229704068034,0.017839008721196297,2478,958
2,located_alive,2019,11,0.9606402579606257,0.013870049692191515,2478,1241
2,located_alive,2019,12,0.9623919486539207,0.013624680756359768,2478,1214
2,located_alive,2020,1,0.9550326106733475,0.01181755153864145,2478,1384
2,located_alive,2020,2,0.9553391785030205,0.012421774173910926,2478,1404
2,located_alive,2020,3,0.9492250598130489,0.01129758524464616,2478,1458
2,located_alive,2020,4,0.952094395420148,0.011516239288362604,2478,1021
2,located_alive,2020,5,0.9437610108741876,0.01000918539073239,2478,1116
2,located_alive,2020,6,0.946432180702963,0.010698873084926386,2478,1174
2,located_alive,2020,7,0.9405696729483066,0.009284932495021147,2478,1267
2,located_alive,2020,8,0.9455538774216405,0.010068457340783581,2478,1212
2,located_alive,2020,9,0.9450649587336302,0.008873858249508614,2478,1116
2,located_alive,2020,10,0.9405516219644956,0.008606678619109636,2478,1399
2,located_alive,2020,11,0.9438034611848565,0.008776686597755903,2478,1294
2,located_alive,2020,12,0.9441058235549762,0.010266272189349113,2478,1040
2,located_alive,2021,1,0.9433362991919252,0.010435567571490783,2478,1328
2,located_alive,2021,2,0.9457596977886733,0.010657530001205213,2478,1205
2,located_alive,2021,3,0.9411877427963071,0.009954517161335023,2478,1531
2,located_alive,2021,4,0.9449377974451032,0.01049036860879905,2478,1450
2,located_alive,2021,5,0.946083382420712,0.01047050591735532,2478,1599
2,located_alive,2021,6,0.9417176439337804,0.010889591045707896,2478,1343
2,located_alive,2021,7,0.9443882023879102,0.010974038842647641,2478,1392
2,located_alive,2021,8,0.9471810053019183,0.011473097326359942,2478,1397
2,located_alive,2021,9,0.9442642254056273,0.010778538911604804,2478,1351
2,located_alive,2021,10,0.9477860773260289,0.013383819561425741,2478,1295
2,located_alive,2021,11,0.9395184860817751,0.010219284744228159,2478,1175
2,located_alive,2021,12,0.9464162861967604,0.010714382974088043,2478,1084
2,located_alive,2022,1,0.9409146584893464,0.0103797058692476,2478,1306
2,located_alive,2022,2,0.9426136388462867,0.010220420624111387,2478,1293
2,located_alive,2022,3,0.9411875062346402,0.009720008521651308,2478,1424
2,located_alive,2022,4,0.9386543271753531,0.009137349233737643,2478,1372
2,located_alive,2022,5,0.9349492757400151,0.009267308599801963,2478,1533
2,located_alive,2022,6,0.9444465984409804,0.009442942664780341,2478,1249
2,located_alive,2022,7,0.9457852478433593,0.011256904621352672,2478,1232
2,located_alive,2022,8,0.9486944571690334,0.011280428469243582,2478,1258
2,located_alive,2022,9,0.9510067279020173,0.012246050836455878,2478,1051
2,located_alive,2022,10,0.9491962307601198,0.010837879394910255,2478,1247
2,located_alive,2022,11,0.9505805998119077,0.010778792573786665,2478,1162
2,located_alive,2022,12,0.9485912888061487,0.010122511089338653,2478,1259
2,located_alive,2023,1,0.9365498122609399,0.00916412518378492,2478,1725
2,located_alive,2023,2,0.9355797686306162,0.00886526444139613,2478,1620
2,located_alive,2023,3,0.940988734101087,0.009970150628064549,2478,1805
2,located_alive,2023,4,0.940090106368882,0.00906429048785921,2478,1675
2,located_alive,2023,5,0.9432661505757711,0.010702955762745487,2478,1775
2,located_alive,2023,6,0.9410587381674123,0.010221751964438343,2478,1683
2,located_alive,2023,7,0.9377316161238138,0.009939040295978802,2478,1611
2,located_alive,2023,8,0.9436113662297181,0.010622144043395801,2478,1595
2,located_alive,2023,9,0.9431324286461513,0.01083956948470412,2478,1631
2,located_alive,2023,10,0.9489202407425141,0.01092546683958262,2478,1593
2,located_alive,2023,11,0.9459897884226669,0.011515963448829705,2478,1469
2,located_alive,2023,12,0.9467288505167484,0.012216115497819252,2478,1354
2,located_alive,2024,1,0.9392480717979361,0.010223312045600744,2478,1629
2,located_alive,2024,2,0.9410329275316065,0.010545828976050607,2478,1578
2,located_alive,2024,3,0.9494635294984395,0.011826351457074566,2478,1709
2,located_alive,2024,4,0.9423867571812199,0.011112404764592618,2478,1681
2,located_alive,2024,5,0.943764701507108,0.011181860116768458,2478,1823
2,located_alive,2024,6,0.9397618570715489,0.010264022023422529,2478,1777
2,located_alive,2024,7,0.9392459649534846,0.00921254046904085,2478,1732
2,located_alive,2024,8,0.9410045037551831,0.010074101556129231,2478,1703
2,located_alive,2024,9,0.9452543204945791,0.010936955805560127,2478,1843
2,located_alive,2024,10,0.9407277605157143,0.010345673156624732,2478,1864
2,located_alive,2024,11,0.9430249229137617,0.010107832092903973,2478,1726
2,located_alive,2024,12,0.9415683789868927,0.00973484951636977,2478,1521
2,located_alive,2025,1,0.9414308756627776,0.010620268332211977,2478,1951
2,located_alive,2025,2,0.9406999340522126,0.00970405405845902,2478,1837
2,located_alive,2025,3,0.938688033529911,0.009790492655487952,2478,1871
2,located_alive,2025,4,0.9438725537890731,0.010750144007508162,2478,1742
2,located_alive,2025,5,0.941925877179763,0.011294033332759423,2478,1928
2,located_alive,2025,6,0.93705232443715,0.009601669594462712,2478,1788
2,located_alive,2025,7,0.9385942854882594,0.010023160219429804,2478,1714
2,located_alive,2025,8,0.94042706356312,0.009524778543461294,2478,1647
2,located_alive,2025,9,0.9454538399453656,0.010517751479289942,2478,1560
2,located_alive,2025,10,0.9449034144075026,0.010145504225036156,2478,1619
2,located_alive,2025,11,0.9482554261936178,0.011852791423141738,2478,1336
2,located_alive,2025,12,0.9595416624823796,0.015967104844018774,2478,868
3,located_dead,2015,1,0.9856286340201941,0.02707205331112036,2478,49
3,located_dead,2015,2,0.989911218724778,0.0390625,2478,32
3,located_dead,2015,3,0.9880338281222585,0.0330812854442344,2478,46
3,located_dead,2015,4,0.9926948987827577,0.06455643481882549,2478,49
3,located_dead,2015,5,0.9910237113626945,0.04894083272461652,2478,37
3,located_dead,2015,6,0.9882545346416891,0.034626038781163423,2478,38
3,located_dead,2015,7,0.9845794506811456,0.027548209366391185,2478,66
3,located_dead,2015,8,0.9886844229217111,0.0368,2478,50
3,located_dead,2015,9,0.9901951992347473,0.04183813443072702,2478,54
3,located_dead,2015,10,0.9863318945853952,0.02930056710775047,2478,46
3,located_dead,2015,11,0.9864843408883421,0.03251814028486966,2478,61
3,located_dead,2015,12,0.9922234583251532,0.0606281957633309,2478,37
3,located_dead,2016,1,0.985719949591493,0.029239766081871343,2478,57
3,located_dead,2016,2,0.9854195178439837,0.03087586641461878,2478,69
3,located_dead,2016,3,0.9883657032953825,0.03576278859212313,2478,47
3,located_dead,2016,4,0.9850189358663937,0.03005917159763314,2478,65
3,located_dead,2016,5,0.9890644226570875,0.04488040849234077,2478,61
3,located_dead,2016,6,0.9882585802682655,0.03955656336608717,2478,63
3,located_dead,2016,7,0.9856100775431391,0.0331677615766704,2478,79
3,located_dead,2016,8,0.9842370435590775,0.029843893480257122,2478,66
3,located_dead,2016,9,0.9890536723163843,0.0425,2478,80
3,located_dead,2016,10,0.9842615012106539,0.02911141594269166,2478,81
3,located_dead,2016,11,0.9913822281236169,0.0619146722164412,2478,62
3,located_dead,2016,12,0.9826359285657449,0.02439992065066455,2478,71
3,located_dead,2017,1,0.9853015817544912,0.036029333616749926,2478,97
3,located_dead,2017,2,0.986882317200352,0.033202878424441355,2478,89
3,located_dead,2017,3,0.985360697951497,0.03401360544217687,2478,105
3,located_dead,2017,4,0.9833923139007885,0.024326101249178167,2478,78
3,located_dead,2017,5,0.9840689813477872,0.03391970372864237,2478,109
3,located_dead,2017,6,0.9888533659308714,0.06343670468470167,2478,103
3,located_dead,2017,7,0.9853182230431925,0.04155595706238708,2478,97
3,located_dead,2017,8,0.984625140799475,0.039729501267962805,2478,91
3,located_dead,2017,9,0.9863122004249643,0.035401915868388166,2478,98
3,located_dead,2017,10,0.9843645355726136,0.034404708012675415,2478,94
3,located_dead,2017,11,0.9815304915817333,0.02460789616008653,2478,86
3,located_dead,2017,12,0.984360330088452,0.03873386089129529,2478,98
3,located_dead,2018,1,0.9817297480990612,0.028033240997229914,2478,95
3,located_dead,2018,2,0.9831332048557924,0.026239067055393583,2478,98
3,located_dead,2018,3,0.9829106664967504,0.05285318559556788,2478,95
3,located_dead,2018,4,0.984753636882616,0.02825698988697204,2478,82
3,located_dead,2018,5,0.9886239413164968,0.05207498798269508,2478,79
3,located_dead,2018,6,0.9835651774834229,0.054978854286812755,2478,102
3,located_dead,2018,7,0.9880095525556405,0.05648339275661475,2478,73
3,located_dead,2018,8,0.9843085168903831,0.03006880950136676,2478,103
3,located_dead,2018,9,0.9827722049271688,0.03089569160997732,2478,84
3,located_dead,2018,10,0.9856839194815366,0.03146750318596216,2478,101
3,located_dead,2018,11,0.9892959029559132,0.0569552004705421,2478,101
3,located_dead,2018,12,0.9853022386474661,0.03200984918436442,2478,114
3,located_dead,2019,1,0.9813616972212615,0.026530612244897958,2478,140
3,located_dead,2019,2,0.9848758628166674,0.03419469815103587,2478,134
3,located_dead,2019,3,0.9812957197945094,0.02607709750566893,2478,126
3,located_dead,2019,4,0.983147998684722,0.024862825788751715,2478,108
3,located_dead,2019,5,0.9711996178616726,0.015410245730945439,2478,147
3,located_dead,2019,6,0.9775179474109001,0.021641274238227145,2478,152
3,located_dead,2019,7,0.9809741786111947,0.024774894773296398,2478,137
3,located_dead,2019,8,0.9817393058918484,0.03762975778546713,2478,136
3,located_dead,2019,9,0.9862449687973118,0.07761971891152974,2478,153
3,located_dead,2019,10,0.9869402089741073,0.062439737034331644,2478,185
3,located_dead,2019,11,0.9792208242348619,0.02706161315819188,2478,163
3,located_dead,2019,12,0.9807923764212794,0.022314558325638657,2478,114
3,located_dead,2020,1,0.9765861146718575,0.020803964287239952,2478,153
3,located_dead,2020,2,0.9803546572153794,0.030350766645662677,2478,138
3,located_dead,2020,3,0.9802425729985518,0.032088571964721334,2478,146
3,located_dead,2020,4,0.9789346246973367,0.024399524375743158,2478,145
3,located_dead,2020,5,0.9733827377895174,0.0183287419651056,2478,165
3,located_dead,2020,6,0.9782400917548109,0.023112880886426587,2478,152
3,located_dead,2020,7,0.9737833283774409,0.026572278649840974,2478,171
3,located_dead,2020,8,0.9708700936053363,0.01532567049808429,2478,174
3,located_dead,2020,9,0.9759952094561171,0.017039542143600414,2478,124
3,located_dead,2020,10,0.9626815980629542,0.011484375000000002,2478,160
3,located_dead,2020,11,0.9721792374398468,0.01498106167674826,2478,133
3,located_dead,2020,12,0.972587570621469,0.0144,2478,125
3,located_dead,2021,1,0.9710788270110304,0.014708123761621703,2478,162
3,located_dead,2021,2,0.9737938130356296,0.015208903910028554,2478,131
3,located_dead,2021,3,0.9700867635189669,0.0140380859375,2478,128
3,located_dead,2021,4,0.9771472831888361,0.019771071800208116,2478,124
3,located_dead,2021,5,0.9782054493334447,0.019643281807372175,2478,145
3,located_dead,2021,6,0.9734597793919828,0.016666666666666666,2478,120
3,located_dead,2021,7,0.9710543693594542,0.014684789290349021,2478,121
3,located_dead,2021,8,0.9748908037791388,0.016544117647058824,2478,136
3,located_dead,2021,9,0.970573701635618,0.014299597389976397,2478,147
3,located_dead,2021,10,0.963852531649142,0.011981025967039954,2478,143
3,located_dead,2021,11,0.9739924098020023,0.01524068205824657,2478,141
3,located_dead,2021,12,0.9736156706625669,0.01863073506718356,2478,163
3,located_dead,2022,1,0.9754119943445585,0.01715205472561742,2478,141
3,located_dead,2022,2,0.9779941032102915,0.019783423573511035,2478,98
3,located_dead,2022,3,0.9750165089148142,0.01659722696537122,2478,121
3,located_dead,2022,4,0.9778434841994166,0.019415680473372783,2478,104
3,located_dead,2022,5,0.9715341156019124,0.01443786982248521,2478,130
3,located_dead,2022,6,0.9730942640060116,0.015011890606420927,2478,116
3,located_dead,2022,7,0.9742764902571199,0.015691609977324265,2478,105
3,located_dead,2022,8,0.973834257595876,0.015218522372528617,2478,124
3,located_dead,2022,9,0.974433075581244,0.016649323621227886,2478,124
3,located_dead,2022,10,0.9751976686879942,0.016211136345837575,2478,113
3,located_dead,2022,11,0.975963687057678,0.02083191038863466,2478,121
3,located_dead,2022,12,0.9746879457464683,0.018076816581622565,2478,159
3,located_dead,2023,1,0.9709828657793682,0.014239928597509027,2478,157
3,located_dead,2023,2,0.9712857763705223,0.014957264957264956,2478,156
3,located_dead,2023,3,0.972019669041321,0.016739617093788635,2478,173
3,located_dead,2023,4,0.9686121590930421,0.013047593293672255,2478,172
3,located_dead,2023,5,0.9673978694631968,0.013902898995658084,2478,151
3,located_dead,2023,6,0.9697389313540861,0.013627237387329662,2478,153
3,located_dead,2023,7,0.9708935319553795,0.013815183544581378,2478,151
3,located_dead,2023,8,0.9750793282253696,0.01754550572340026,2478,146
3,located_dead,2023,9,0.9689473821239816,0.013694068678459938,2478,155
3,located_dead,2023,10,0.9746992073291323,0.01942897241349064,2478,151
3,located_dead,2023,11,0.9744395844723894,0.016909469302809572,2478,124
3,located_dead,2023,12,0.9711705432044415,0.014003673094582187,2478,132
3,located_dead,2024,1,0.9698898695618217,0.016108220603537983,2478,155
3,located_dead,2024,2,0.9756166767554479,0.0164794921875,2478,128
3,located_dead,2024,3,0.9735485219572526,0.017856218622224522,2478,139
3,located_dead,2024,4,0.9724239978477267,0.014912833438353288,2478,138
3,located_dead,2024,5,0.9718953363021161,0.013937111839209742,2478,143
3,located_dead,2024,6,0.9743622667351481,0.017791551882460975,2478,132
3,located_dead,2024,7,0.974146515308743,0.01770956316410862,2478,154
3,located_dead,2024,8,0.9740617433414045,0.019375000000000003,2478,160
3,located_dead,2024,9,0.9750855658133826,0.028510966856358493,2478,187
3,located_dead,2024,10,0.9700855904048653,0.018185505678745266,2478,172
3,located_dead,2024,11,0.9757554793874408,0.02023950075898128,2478,154
3,located_dead,2024,12,0.9716434198410804,0.017655227137472723,2478,142
3,located_dead,2025,1,0.9714583573542412,0.016652494331065755,2478,168
3,located_dead,2025,2,0.971470978509186,0.01554470299083916,2478,177
3,located_dead,2025,3,0.9708705424943809,0.016707133772690487,2478,186
3,located_dead,2025,4,0.9768814048475067,0.024678604224058768,2478,132
3,located_dead,2025,5,0.9758553234565877,0.02068371157713301,2478,118
3,located_dead,2025,6,0.974626715092817,0.025462962962962965,2478,144
3,located_dead,2025,7,0.9751527729735963,0.01690316015602917,2478,133
3,located_dead,2025,8,0.9774833348279677,0.02486282578875171,2478,108
3,located_dead,2025,9,0.9819062293638565,0.029917355371900826,2478,110
3,located_dead,2025,10,0.9802259887005651,0.022569444444444448,2478,96
3,located_dead,2025,11,0.9844954439648619,0.02499474900231044,2478,69
3,located_dead,2025,12,0.9914466820212997,0.06722189173111244,2478,41
7,not_located,2015,1,0.9610257539071099,0.01125289256198347,2478,275
7,not_located,2015,2,0.9610141660404665,0.011961950059453033,2478,290
7,not_located,2015,3,0.9630980476292643,0.012598141323505847,2478,316
7,not_located,2015,4,0.9659511638930527,0.013038548752834465,2478,252
7,not_located,2015,5,0.9639693067106481,0.015064062171812645,2478,345
7,not_located,2015,6,0.9637435280811277,0.01267990189272988,2478,294
7,not_located,2015,7,0.9626095925734917,0.013306572482373028,2478,277
7,not_located,2015,8,0.964761998611033,0.013503921038399135,2478,344
7,not_located,2015,9,0.9599203872262883,0.01170862457767898,2478,353
7,not_located,2015,10,0.9606777321589408,0.0120394875026255,2478,345
7,not_located,2015,11,0.9619567647190319,0.0115853088424041,2478,343
7,not_located,2015,12,0.9645848093447418,0.013326992069974463,2478,311
7,not_located,2016,1,0.9588204277874524,0.012306959712974441,2478,349
7,not_located,2016,2,0.9638390087101756,0.01353202579438003,2478,346
7,not_located,2016,3,0.9592930321649458,0.012779230452898412,2478,359
7,not_located,2016,4,0.964344123019413,0.01835180055401662,2478,456
7,not_located,2016,5,0.9576841515831827,0.01216475842431301,2478,467
7,not_located,2016,6,0.9598700322494607,0.01916594521910516,2478,466
7,not_located,2016,7,0.9564367749102387,0.014369233273800687,2478,457
7,not_located,2016,8,0.9550451294042033,0.011860563756421198,2478,437
7,not_located,2016,9,0.9594627233369362,0.012232510991847065,2478,401
7,not_located,2016,10,0.9565322517478707,0.01188377930887144,2478,474
7,not_located,2016,11,0.9620632510401461,0.012868692435319433,2478,413
7,not_located,2016,12,0.9601723310118382,0.014316174230886384,2478,469
7,not_located,2017,1,0.9575393285473572,0.019187442289935363,2478,570
7,not_located,2017,2,0.9643173573064148,0.0192424952609289,2478,491
7,not_located,2017,3,0.9526357081986285,0.011523430049693275,2478,537
7,not_located,2017,4,0.9565712212423456,0.011672418146620657,2478,545
7,not_located,2017,5,0.9537770568706887,0.013458174924854155,2478,618
7,not_located,2017,6,0.9576932524611228,0.014088209304146485,2478,598
7,not_located,2017,7,0.9543665851533294,0.012873718747335738,2478,603
7,not_located,2017,8,0.9519456688948216,0.012783987142961502,2478,585
7,not_located,2017,9,0.9610122341207437,0.017069944851855787,2478,582
7,not_located,2017,10,0.9607595068110628,0.015565389108880183,2478,622
7,not_located,2017,11,0.9603768440588116,0.016552399969054048,2478,521
7,not_located,2017,12,0.9562702275070123,0.012183119302029213,2478,505
7,not_located,2018,1,0.955186788520122,0.01366073756646147,2478,594
7,not_located,2018,2,0.9485378806809535,0.01234153569483669,2478,562
7,not_located,2018,3,0.9444557360244605,0.008904310298897117,2478,548
7,not_located,2018,4,0.9609951604538187,0.015462128988419668,2478,526
7,not_located,2018,5,0.9528372917474117,0.013807874724864545,2478,581
7,not_located,2018,6,0.9537967261068676,0.013440778161024798,2478,543
7,not_located,2018,7,0.9531760402222571,0.011983155492714108,2478,571
7,not_located,2018,8,0.9566843211504674,0.013939964605678428,2478,571
7,not_located,2018,9,0.947607537158917,0.010714254830350427,2478,589
7,not_located,2018,10,0.9573229494175612,0.015280407663176654,2478,536
7,not_located,2018,11,0.9545553814746239,0.0112879661668589,2478,510
7,not_located,2018,12,0.9530725153131794,0.012241524767135551,2478,482
7,not_located,2019,1,0.9531433619105458,0.011273329159991088,2478,614
7,not_located,2019,2,0.953845510084526,0.012957088716676807,2478,569
7,not_located,2019,3,0.9520849284295703,0.01485846200618866,2478,623
7,not_located,2019,4,0.9553394795334593,0.013165620117624816,2478,634
7,not_located,2019,5,0.9470386155331321,0.010526220001865462,2478,663
7,not_located,2019,6,0.9524785142218557,0.010973916193696413,2478,728
7,not_located,2019,7,0.9496862714467964,0.011292978132026146,2478,713
7,not_located,2019,8,0.9488868160026815,0.012481710412374215,2478,732
7,not_located,2019,9,0.9506299789613031,0.010404813174372531,2478,717
7,not_located,2019,10,0.9552620093863033,0.012797805212620026,2478,675
7,not_located,2019,11,0.9483158503095572,0.009416351693069282,2478,641
7,not_located,2019,12,0.948010429386924,0.009668728167266894,2478,577
7,not_located,2020,1,0.9494441597002528,0.009869465608183707,2478,685
7,not_located,2020,2,0.945676401808007,0.009293194015046557,2478,663
7,not_located,2020,3,0.9480123309979895,0.01088022128076748,2478,676
7,not_located,2020,4,0.9470967408820516,0.009103379473749845,2478,594
7,not_located,2020,5,0.945724960295764,0.009833506763787721,2478,620
7,not_located,2020,6,0.9496899850467058,0.010809446547683432,2478,645
7,not_located,2020,7,0.9453905544407624,0.010437709728451025,2478,689
7,not_located,2020,8,0.9394577708030951,0.008404889343683566,2478,719
7,not_located,2020,9,0.9395306011620643,0.007919829147815008,2478,593
7,not_located,2020,10,0.9410381247450685,0.008138384655901132,2478,558
7,not_located,2020,11,0.946108221039242,0.008317305692186085,2478,559
7,not_located,2020,12,0.9448691014004527,0.00905871548486462,2478,529
7,not_located,2021,1,0.9384112101385813,0.008956864773976588,2478,658
7,not_located,2021,2,0.9427489687023587,0.010404610339506173,2478,576
7,not_located,2021,3,0.9441783345615329,0.01058504687319162,2478,644
7,not_located,2021,4,0.9474239179139758,0.011025564898060366,2478,589
7,not_located,2021,5,0.9453965985005397,0.010283604296704892,2478,664
7,not_located,2021,6,0.9406407546985813,0.010648542491804438,2478,629
7,not_located,2021,7,0.935182301347292,0.008962579080173474,2478,723
7,not_located,2021,8,0.9425903564948572,0.012175418743055035,2478,766
7,not_located,2021,9,0.9373129695163596,0.009559391657293756,2478,715
7,not_located,2021,10,0.932492142757573,0.010311319701466757,2478,689
7,not_located,2021,11,0.9401477983067066,0.008425523579282815,2478,647
7,not_located,2021,12,0.9341855386222286,0.008762655388952966,2478,612
7,not_located,2022,1,0.9433691181189652,0.009135941355784584,2478,664
7,not_located,2022,2,0.9415516865880063,0.008788107835726883,2478,630
7,not_located,2022,3,0.9458515057703409,0.01011214216266124,2478,639
7,not_located,2022,4,0.9381342601681586,0.007859210561913264,2478,666
7,not_located,2022,5,0.9391998155194283,0.008240816326530611,2478,700
7,not_located,2022,6,0.9376144480026383,0.008091061606744675,2478,651
7,not_located,2022,7,0.9333963328703248,0.007532355224496614,2478,638
7,not_located,2022,8,0.9409175574053035,0.011552115517412385,2478,731
7,not_located,2022,9,0.945243860255967,0.012959183673469389,2478,700
7,not_located,2022,10,0.9375324002073615,0.007679302646759334,2478,643
7,not_located,2022,11,0.9379787640215937,0.00894169744343648,2478,668
7,not_located,2022,12,0.9401642465566422,0.007951113420035396,2478,674
7,not_located,2023,1,0.9384079903147702,0.009592357351103706,2478,784
7,not_located,2023,2,0.9381324012895402,0.00989099556321619,2478,708
7,not_located,2023,3,0.9346274550899856,0.008771747759714822,2478,878
7,not_located,2023,4,0.9368942198406309,0.009091343531501662,2478,779
7,not_located,2023,5,0.9348125658149637,0.009212944618520343,2478,827
7,not_located,2023,6,0.9300676927518323,0.007685913360740836,2478,917
7,not_located,2023,7,0.9349311057667429,0.008805282916688284,2478,889
7,not_located,2023,8,0.9337156400531494,0.007551770848148511,2478,851
7,not_located,2023,9,0.930292771075732,0.0068060341451953955,2478,904
7,not_located,2023,10,0.931771581161486,0.007373748497718447,2478,914
7,not_located,2023,11,0.9258321991994565,0.0063032168316781234,2478,886
7,not_located,2023,12,0.9299366864144991,0.007231579846259638,2478,817
7,not_located,2024,1,0.9289022082853704,0.008345790782047837,2478,976
7,not_located,2024,2,0.9281982613488626,0.008239536957590056,2478,943
7,not_located,2024,3,0.9343729694606888,0.009036018680011703,2478,1026
7,not_located,2024,4,0.9339253613618022,0.010868629476584023,2478,1056
7,not_located,2024,5,0.9307801198204513,0.00909052680901934,2478,1154
7,not_located,2024,6,0.9325373502378571,0.008842421841581254,2478,1067
7,not_located,2024,7,0.9276532842662708,0.007882246316573862,2478,1083
7,not_located,2024,8,0.9348574599331259,0.009001913265306121,2478,1120
7,not_located,2024,9,0.9402363036557542,0.010336615800244451,2478,1133
7,not_located,2024,10,0.9368502498026969,0.010562318259154362,2478,1173
7,not_located,2024,11,0.9356116147680988,0.009228772309356408,2478,1075
7,not_located,2024,12,0.9360225809675982,0.010947072068224449,2478,1082
7,not_located,2025,1,0.9321001557895527,0.009597404002163332,2478,1075
7,not_located,2025,2,0.9367676936350229,0.009839941290130796,2478,928
7,not_located,2025,3,0.9341801764153999,0.010115064947706861,2478,1182
7,not_located,2025,4,0.9362412996747618,0.009108910891089108,2478,1010
7,not_located,2025,5,0.9369509309038182,0.009991381786842862,2478,1180
7,not_located,2025,6,0.9349888945733578,0.012985150315280473,2478,1169
7,not_located,2025,7,0.9340020652118841,0.013873937682590386,2478,1131
7,not_located,2025,8,0.9292361802161855,0.010661653760648503,2478,1202
7,not_located,2025,9,0.9373782829372725,0.010288628488182017,2478,1223
7,not_located,2025,10,0.9344663417823684,0.00947925012017305,2478,1185
7,not_located,2025,11,0.9360294919616954,0.008991153315477639,2478,1110
7,not_located,2025,12,0.9398812839371447,0.010803081399193282,2478,852
